from,to
쭈니,글라햄
쭈니,라라미
쭈니,마르카
쭈니,뽀야미
쭈니,티미
애플,찍순이
애플,핑키
애플,햄스틴
뽀야미,글라햄
뽀야미,쭈니
비앙카,카라멜
시베리아,대장
시베리아,로보
시베리아,산드라
사이다,호랭이
부케,유네찌
귀오미,스미모
다람,샨티
다람,리빌드
대장,로보
대장,산드라
대장,시베리아
피터,자끄
릴리안,크리스틴
릴리안,초코
릴리안,루나
패치,베어드
패치,우띠
나탈리,갈가리
나탈리,빅토리아
나탈리,조르쥐
나탈리,카라멜
나탈리,문복
아폴로,쿠스케처
아폴로,안데스
로보,산드라
로보,시베리아
로보,대장
솔미,실부플레
솔미,톰슨
탁호,푸아그라
탁호,아네사
탁호,안쵸비
스트로베리,사라
스트로베리,스미모
스트로베리,지미
스트로베리,유카리
문리나,사라
문리나,스미모
문리나,지미
문리나,유카리
릴리안,루나
릴리안,초코
릴리안,크리스틴
메이첼,베어드
글루민,아세로라
1호,백희
오로라,볼트
오로라,사브리나
오로라,폴라
플라라,햄스틴
플라라,주디
플라라,애플
플라라,로타
레이니,프랑소와
레이니,쭈니
레이니,사브리나
레이니,베어드
레이니,글라햄
산드라,토미
산드라,시베리아
산드라,릴리
산드라,로보
산드라,땡칠이
산드라,대장
서머,미미
서머,닌토
예링,백희
프랑소와,오로라
프랑소와,에플리케
프랑소와,뽀야미
프랑소와,메이첼
프랑소와,레이니
프랑소와,라라미
루나,크리스틴
루나,초코
루나,릴리안
크리스틴,루나
크리스틴,초코
크리스틴,릴리안
문대,1호
문대,백희
문대,예링
문대,호냥이
코코아,주디
코코아,지키미
펭수,릴리안
펭수,초코
펭수,크리스틴
펭수,루나
리처드,실비아
리처드,제시카
리처드,진상
리처드,한나
바닐라,늑태
바닐라,블랜더
리키,햄둥
